Gene,Cytoband,Log2 Ratio,p-Value
ARMT1,6q25.1,-2.07,1.2800000000000001e-64
ESR1,6q25.1-q25.2,-5.2,3.48e-64
SLC39A6,18q12.2,-2.56,4.14e-62
CCDC170,6q25.1,-2.94,1.08e-59
NAT1,8p22,-3.52,1.5700000000000002e-59
AGR3,7p21.1,-6.41,1.68e-55
RGS22,8q22.2,-2.5,6.23e-55
PCP2,19p13.2,-1.38,1.83e-52
FSIP1,15q14,-3.91,2.9199999999999997e-52
EVL,14q32.2,-1.58,3.35e-52
