k,Number of genes,Accuracy
2,99,0.8683127572016461
3,99,0.8510288065843621
2,439,0.8576131687242798
3,439,0.848559670781893
